{
    "root": {
        "name": "mh61",
        "CLc": 0.15618787131100564,
        "CDc": 0.004285658695755626,
        "CMc": 0.009946515886570662,
        "alpha_cruise": 1.222444889779558,
        "CLmax": 1.2884766870160298,
        "alpha_stall": 13.987975951903806,
        "LD": 36.44430935801979
    },
    "mid": {
        "name": "mh45",
        "CLc": 0.16056629608428125,
        "CDc": 0.004770107976982936,
        "CMc": 0.00033049828087126085,
        "alpha_cruise": 0.753507014028056,
        "CLmax": 1.529078652038942,
        "alpha_stall": 15.498997995991981,
        "LD": 33.66093532034435
    },
    "tip": {
        "name": "E184",
        "CLc": 0.1604756697466293,
        "CDc": 0.004132026863821024,
        "CMc": 0.017582740068766332,
        "alpha_cruise": 1.5350701402805598,
        "CLmax": 1.0720871552631273,
        "alpha_stall": 10.965931863727455,
        "LD": 38.83703447131805
    }
}