{
    "design_parameters": {
        "c_li": 0.18464940527138818,
        "c_lmax_net": 1.044964645184333,
        "Re_root": 3621637.6436041296,
        "Re_mid": 1810818.8218020648,
        "Re_tip": 724327.5287208259,
        "CL_CRUISE": 0.15787524150703688
    },
    "root": {
        "name": "mh60",
        "Re": 3621637.6436041296,
        "CLc": 0.18604842118572695,
        "CDc": 0.004854057731097309,
        "CMc": -0.0016081421373532634,
        "alpha_cruise": 0.909819639278556,
        "CLmax": 1.6276960882106173,
        "alpha_stall": 16.697394789579157,
        "LD": 38.32843190014323,
        "tc": 0.1009757722819238
    },
    "mid": {
        "name": "mh61",
        "Re": 1810818.8218020648,
        "CLc": 0.18650913225413196,
        "CDc": 0.004205452942603314,
        "CMc": 0.00978104327081487,
        "alpha_cruise": 1.4829659318637276,
        "CLmax": 1.2944709505802674,
        "alpha_stall": 14.092184368737474,
        "LD": 44.34935660905925,
        "tc": 0.10270623181569596
    },
    "tip": {
        "name": "E184",
        "Re": 724327.5287208259,
        "CLc": 0.18422323289292253,
        "CDc": 0.005802865972724939,
        "CMc": 0.005217767588571276,
        "alpha_cruise": 1.2745490981963918,
        "CLmax": 0.9435832462106061,
        "alpha_stall": 9.559118236472944,
        "LD": 31.74693914331681,
        "tc": 0.08338162543323299
    }
}